{
    "mean_wer": 0.07692307692307691,
    "mean_cer": 0.015044519496469148,
    "accuracy": 0.3541666666666667,
    "concat_wer": 0.07692307692307693,
    "concat_cer": 0.02566371681415929
}