{
    "mean_wer": 0.10147299509001638,
    "mean_cer": 0.02179920171937366,
    "accuracy": 0.3333333333333333,
    "concat_wer": 0.10147299509001637,
    "concat_cer": 0.03215339233038348
}