{
    "mean_wer": 0.7521514629948367,
    "mean_cer": 0.5924932975871311,
    "accuracy": 0.24784853700516352,
    "concat_wer": 0.7521514629948365,
    "concat_cer": 0.46631150109683484
}