{
    "mean_wer": 0.9913941480206541,
    "mean_cer": 0.9414017617770971,
    "accuracy": 0.008605851979345954,
    "concat_wer": 0.9913941480206541,
    "concat_cer": 0.701974302726418
}