{
    "mean_wer": 0.7099567099567102,
    "mean_cer": 0.390488948425988,
    "accuracy": 0.30735930735930733,
    "concat_wer": 0.70995670995671,
    "concat_cer": 0.3333333333333333
}