{
    "mean_wer": 0.7377049180327867,
    "mean_cer": 0.41452408437401617,
    "accuracy": 0.27595628415300544,
    "concat_wer": 0.7377049180327869,
    "concat_cer": 0.35325691411935956
}