{
    "mean_wer": 0.31423895253682493,
    "mean_cer": 0.09886398526251151,
    "accuracy": 0.052083333333333336,
    "concat_wer": 0.3142389525368249,
    "concat_cer": 0.1056047197640118
}