{
    "mean_wer": 0.956709956709957,
    "mean_cer": 0.5107166778298726,
    "accuracy": 0.12987012987012986,
    "concat_wer": 0.9567099567099567,
    "concat_cer": 0.4340005802146794
}