{
    "mean_wer": 0.22749590834697211,
    "mean_cer": 0.10807491556647221,
    "accuracy": 0.20833333333333334,
    "concat_wer": 0.22749590834697217,
    "concat_cer": 0.11504424778761062
}