{
    "mean_wer": 1.0064935064935063,
    "mean_cer": 0.9156061620897519,
    "accuracy": 0.0,
    "concat_wer": 1.0043290043290043,
    "concat_cer": 0.7557296199593849
}