{
    "mean_wer": 0.3027823240589198,
    "mean_cer": 0.1350936444580903,
    "accuracy": 0.10416666666666667,
    "concat_wer": 0.3011456628477905,
    "concat_cer": 0.1410029498525074
}