{
    "mean_wer": 0.26022913256955815,
    "mean_cer": 0.07491556647221367,
    "accuracy": 0.09375,
    "concat_wer": 0.2602291325695581,
    "concat_cer": 0.08259587020648967
}