{
    "mean_wer": 0.8679653679653682,
    "mean_cer": 0.45880776959142655,
    "accuracy": 0.18181818181818182,
    "concat_wer": 0.8679653679653679,
    "concat_cer": 0.39019437191760953
}