{
    "mean_wer": 0.2307692307692308,
    "mean_cer": 0.10776788455634019,
    "accuracy": 0.19791666666666666,
    "concat_wer": 0.23076923076923078,
    "concat_cer": 0.11474926253687316
}