{
    "mean_wer": 0.8647540983606561,
    "mean_cer": 0.459964319445902,
    "accuracy": 0.1755464480874317,
    "concat_wer": 0.8647540983606558,
    "concat_cer": 0.3922852983988355
}