{
    "mean_wer": 0.8647540983606561,
    "mean_cer": 0.459964319445902,
    "accuracy": 0.0,
    "concat_wer": 0.8647540983606558,
    "concat_cer": 0.4562409024745269
}