{
    "mean_wer": 0.2569558101472995,
    "mean_cer": 0.07583665950260976,
    "accuracy": 0.10416666666666667,
    "concat_wer": 0.2569558101472995,
    "concat_cer": 0.08348082595870207
}