{
    "mean_wer": 0.8330464716006887,
    "mean_cer": 0.6330907698199923,
    "accuracy": 0.1703958691910499,
    "concat_wer": 0.8330464716006885,
    "concat_cer": 0.4982764023816985
}