{
    "mean_wer": 0.950136612021858,
    "mean_cer": 0.5101269807954666,
    "accuracy": 0.0,
    "concat_wer": 0.9494535519125683,
    "concat_cer": 0.4969978165938865
}