{
    "mean_wer": 0.1751227495908347,
    "mean_cer": 0.04728277556033159,
    "accuracy": 0.14583333333333334,
    "concat_wer": 0.1751227495908347,
    "concat_cer": 0.05663716814159292
}