{
    "mean_wer": 0.09983633387888706,
    "mean_cer": 0.02026404666871354,
    "accuracy": 0.34375,
    "concat_wer": 0.09983633387888707,
    "concat_cer": 0.030678466076696165
}