{
    "mean_wer": 0.0818330605564648,
    "mean_cer": 0.01719373656739331,
    "accuracy": 0.34375,
    "concat_wer": 0.08183306055646482,
    "concat_cer": 0.027728613569321534
}