{
    "mean_wer": 0.5997282608695651,
    "mean_cer": 0.453464322647363,
    "accuracy": 0.1717877094972067,
    "concat_wer": 0.4654891304347826,
    "concat_cer": 0.31768704132394227
}