{
    "mean_wer": 1.0472826086956524,
    "mean_cer": 0.925904860392968,
    "accuracy": 0.0,
    "concat_wer": 0.997554347826087,
    "concat_cer": 0.8222430182731616
}