{
    "mean_wer": 0.9467213114754098,
    "mean_cer": 0.4966943016056249,
    "accuracy": 0.05327868852459016,
    "concat_wer": 0.9467213114754098,
    "concat_cer": 0.42976710334788937
}