{
    "mean_wer": 0.7513661202185792,
    "mean_cer": 0.42029593871340126,
    "accuracy": 0.2629781420765027,
    "concat_wer": 0.7513661202185792,
    "concat_cer": 0.35807860262008734
}