{
    "mean_wer": 0.7513661202185792,
    "mean_cer": 0.42029593871340126,
    "accuracy": 0.0,
    "concat_wer": 0.7513661202185792,
    "concat_cer": 0.42057860262008734
}