{
    "mean_wer": 0.7164502164502162,
    "mean_cer": 0.3968519758874748,
    "accuracy": 0.3008658008658009,
    "concat_wer": 0.7164502164502164,
    "concat_cer": 0.3379750507687844
}