{
    "mean_wer": 0.16202945990180034,
    "mean_cer": 0.03960700030703101,
    "accuracy": 0.1875,
    "concat_wer": 0.16202945990180032,
    "concat_cer": 0.04926253687315634
}