{
    "mean_wer": 0.8163043478260869,
    "mean_cer": 0.49741468459152033,
    "accuracy": 0.01675977653631285,
    "concat_wer": 0.7138586956521739,
    "concat_cer": 0.3588632221839137
}