{
    "mean_wer": 0.9523809523809523,
    "mean_cer": 0.48827863362357693,
    "accuracy": 0.047619047619047616,
    "concat_wer": 0.9523809523809523,
    "concat_cer": 0.42297650130548303
}